{"cameraMode":{"drawMode":0,"name":"Shaded","section":"Shading Mode"},"sceneLighting":false,"audioPlay":false,"sceneViewState":{"showFog":true,"showMaterialUpdate":false,"showSkybox":true,"showFlares":true,"showImageEffects":false,"showParticleSystems":true},"in2DMode":false,"pivot":{"x":-0.022202491760253907,"y":1.2190625667572022,"z":0.5796991586685181},"rotation":{"x":0.029606498777866365,"y":0.967908501625061,"z":-0.2081339806318283,"w":0.13768409192562104},"size":3.41096830368042,"orthographic":false}