{"cameraMode":{"drawMode":0,"name":"Shaded","section":"Shading Mode"},"sceneLighting":true,"audioPlay":false,"sceneViewState":{"showFog":true,"showMaterialUpdate":false,"showSkybox":true,"showFlares":true,"showImageEffects":false,"showParticleSystems":true},"in2DMode":false,"pivot":{"x":-23.23514175415039,"y":-2.063105344772339,"z":4.467890739440918},"rotation":{"x":0.04355059191584587,"y":0.8907479643821716,"z":-0.44388461112976076,"w":0.08739477396011353},"size":34.06402587890625,"orthographic":false}