{"cameraMode":{"drawMode":0,"name":"Shaded","section":"Shading Mode"},"sceneLighting":true,"audioPlay":false,"sceneViewState":{"showFog":true,"showMaterialUpdate":false,"showSkybox":true,"showFlares":true,"showImageEffects":false,"showParticleSystems":true},"in2DMode":false,"pivot":{"x":-22.382829666137697,"y":1.3165507316589356,"z":10.059518814086914},"rotation":{"x":0.03329033777117729,"y":0.8983085751533508,"z":-0.43261411786079409,"w":0.06912682950496674},"size":6.0452351570129398,"orthographic":false}