{"cameraMode":{"drawMode":0,"name":"Shaded","section":"Shading Mode"},"sceneLighting":true,"audioPlay":false,"sceneViewState":{"showFog":true,"showMaterialUpdate":false,"showSkybox":true,"showFlares":true,"showImageEffects":false,"showParticleSystems":true},"in2DMode":false,"pivot":{"x":-19.243982315063478,"y":-1.6909701824188233,"z":2.12750506401062},"rotation":{"x":0.04355059191584587,"y":0.8907479643821716,"z":-0.44388461112976076,"w":0.08739477396011353},"size":30.440614700317384,"orthographic":false}