{"cameraMode":{"drawMode":0,"name":"Shaded","section":"Shading Mode"},"sceneLighting":true,"audioPlay":false,"sceneViewState":{"showFog":true,"showMaterialUpdate":false,"showSkybox":true,"showFlares":true,"showImageEffects":false,"showParticleSystems":true},"in2DMode":false,"pivot":{"x":-20.00156021118164,"y":-3.039912700653076,"z":5.24144983291626},"rotation":{"x":-0.005927837919443846,"y":0.9634510278701782,"z":-0.26696333289146426,"w":-0.02139146253466606},"size":18.7158203125,"orthographic":false}