{"cameraMode":{"drawMode":0,"name":"Shaded","section":"Shading Mode"},"sceneLighting":true,"audioPlay":false,"sceneViewState":{"showFog":true,"showMaterialUpdate":false,"showSkybox":true,"showFlares":true,"showImageEffects":false,"showParticleSystems":true},"in2DMode":false,"pivot":{"x":-25.344112396240236,"y":7.444977283477783,"z":-10.71473503112793},"rotation":{"x":-0.084389328956604,"y":0.8950546383857727,"z":-0.3936132788658142,"w":-0.19189663231372834},"size":225.4198455810547,"orthographic":false}