{"cameraMode":{"drawMode":0,"name":"Shaded","section":"Shading Mode"},"sceneLighting":true,"audioPlay":false,"sceneViewState":{"showFog":true,"showMaterialUpdate":false,"showSkybox":true,"showFlares":true,"showImageEffects":false,"showParticleSystems":true},"in2DMode":false,"pivot":{"x":-25.344112396240236,"y":7.444977283477783,"z":-10.71473503112793},"rotation":{"x":0.04355059191584587,"y":0.8907479643821716,"z":-0.44388461112976076,"w":0.08739477396011353},"size":225.4198455810547,"orthographic":false}