{"cameraMode":{"drawMode":0,"name":"Shaded","section":"Shading Mode"},"sceneLighting":true,"audioPlay":false,"sceneViewState":{"showFog":true,"showMaterialUpdate":false,"showSkybox":true,"showFlares":true,"showImageEffects":false,"showParticleSystems":true},"in2DMode":false,"pivot":{"x":-22.066503524780275,"y":-0.4598909020423889,"z":6.191154479980469},"rotation":{"x":0.006333433091640472,"y":-0.8773148059844971,"z":0.4797336757183075,"w":0.011585794389247895},"size":9.985115051269532,"orthographic":false}